Classi,ViT Accuracy (%),ViT Tempo (s),ResNet Accuracy (%),ResNet Tempo (s)
10,95.34883720930233,13.843549966812134,51.16279069767442,3.658039093017578
50,91.66666666666667,63.26980781555176,69.6078431372549,15.269037961959839
100,91.44254278728606,124.05972814559937,74.81662591687042,29.858073949813843
150,92.47491638795987,603.7370009422302,72.40802675585284,47.39240789413452
200,91.1170928667564,252.5712068080902,70.12113055181696,62.003957986831665
